Workbook

Sheet Instructions
B2: BAF Human-Subject Backtest — Administration Template
B3: Companion tracker for BAF_Questionnaire.docx, per Architecture Section 9.4's protocol
B5: PURPOSE
B6: This workbook logs real respondents' questionnaire answers against the BAF engine's scored output, so gaps between a person's own self-perception and the engine's score can be tracked across multiple people over time. This is a self-report consistency check, not a validation of predictive accuracy — no ground-truth dataset of real behavioral outcomes exists for this framework, and none is claimed here.
B8: CONSENT — read this to every respondent before they begin
B9: "This is a self-reflection questionnaire, not a psychological test, diagnosis, or assessment of any kind. Your answers will be scored by a rules-based heuristic algorithm, not a clinician. Participation is voluntary, you can skip any question or stop at any time, and your answers [will / will not — administrator to decide and state clearly] be kept anonymous. Do you consent to participate?"
B10: Log consent in the 'Respondent Log' sheet before recording any answers. If consent is declined, do not proceed.
B12: ADMINISTRATION STEPS
B13: 1. Read the consent statement above and log the response.
B14: 2. Respondent completes the 'Independent baseline rating' in BAF_Questionnaire.docx BEFORE seeing any engine output — this is the most important sequencing rule in the whole protocol. Rating early inflates agreement and defeats the point of the check.
B15: 3. Respondent completes all 92 items (Section A of the questionnaire).
B16: 4. Administrator enters the respondent's answers into BAF_Simulator_v6.html (Guided Mode, or Precision Mode + the JSON console for speed) and generates the final profile.
... B30: An example row (Respondent ID 'EXAMPLE-001') is included in the Respondent Log to show the expected format — delete it before logging real data.

Sheet Respondent Log
A1: Respondent Log — yellow cells are the only ones to edit; all other columns compute automatically
A2: Respondent ID | B2: Date | C2: Consent (Y/N) | D2: Engine Completeness % | E2: Baseline RT (1-5) | F2: Baseline SC (1-5) | G2: Baseline ER (1-5) | H2: Baseline AR (1-5) | I2: Baseline DS (1-5) | J2: Baseline SR (1-5) | K2: Baseline RT (-2..2) | L2: Baseline SC (-2..2) | M2: Baseline ER (-2..2) | N2: Baseline AR (-2..2) | O2: Baseline DS (-2..2) | P2: Baseline SR (-2..2) | Q2: Engine RT | R2: Engine SC | S2: Engine ER | T2: Engine AR | U2: Engine DS | V2: Engine SR | W2: Gap RT | X2: Gap SC | Y2: Gap ER | Z2: Gap AR | AA2: Gap DS | AB2: Gap SR | AC2: Notes
A3: R-ZE0C0M | B3: 2026-07-15 | C3: Y | D3: 1 | E3: 3 | F3: 4 | G3: 4 | H3: 4 | I3: 3 | J3: 3 | K3: =IF(E3="","",E3-3) -> 0 | L3: =IF(F3="","",F3-3) -> 1 | M3: =IF(G3="","",G3-3) -> 1 | N3: =IF(H3="","",H3-3) -> 1 | O3: =IF(I3="","",I3-3) -> 0 | P3: =IF(J3="","",J3-3) -> 0 | Q3: -0.1 | R3: 0.14 | S3: 0.35 | T3: 0.1 | U3: -0.2 | V3: -0.3 | W3: =IF(OR(Q3="",K3=""),"",Q3-K3) -> -0.1 | X3: =IF(OR(R3="",L3=""),"",R3-L3) -> -0.86 | Y3: =IF(OR(S3="",M3=""),"",S3-M3) -> -0.65 | Z3: =IF(OR(T3="",N3=""),"",T3-N3) -> -0.9 | AA3: =IF(OR(U3="",O3=""),"",U3-O3) -> -0.2 | AB3: =IF(OR(V3="",P3=""),"",V3-P3) -> -0.3
A4: R-ZOI6F5 | B4: 2026-07-15 | C4: Y | D4: 1 | E4: 1 | F4: 3 | G4: 3 | H4: 3 | I4: 4 | J4: 2 | K4: =IF(E4="","",E4-3) -> -2 | L4: =IF(F4="","",F4-3) -> 0 | M4: =IF(G4="","",G4-3) -> 0 | N4: =IF(H4="","",H4-3) -> 0 | O4: =IF(I4="","",I4-3) -> 1 | P4: =IF(J4="","",J4-3) -> -1 | Q4: -0.04 | R4: 0.07 | S4: 0.21 | T4: 0.04 | U4: -0.09 | V4: -0.17 | W4: =IF(OR(Q4="",K4=""),"",Q4-K4) -> 1.96 | X4: =IF(OR(R4="",L4=""),"",R4-L4) -> 0.07 | Y4: =IF(OR(S4="",M4=""),"",S4-M4) -> 0.21 | Z4: =IF(OR(T4="",N4=""),"",T4-N4) -> 0.04 | AA4: =IF(OR(U4="",O4=""),"",U4-O4) -> -1.09 | AB4: =IF(OR(V4="",P4=""),"",V4-P4) -> 0.83
A5: R-8BA68W | B5: 2026-07-15 | C5: Y | D5: 1 | E5: 1 | F5: 1 | G5: 1 | H5: 5 | I5: 1 | J5: 5 | K5: =IF(E5="","",E5-3) -> -2 | L5: =IF(F5="","",F5-3) -> -2 | M5: =IF(G5="","",G5-3) -> -2 | N5: =IF(H5="","",H5-3) -> 2 | O5: =IF(I5="","",I5-3) -> -2 | P5: =IF(J5="","",J5-3) -> 2 | Q5: 0.2 | R5: -0.1 | S5: 0.01 | T5: -0.14 | U5: 0.1 | V5: 0.11 | W5: =IF(OR(Q5="",K5=""),"",Q5-K5) -> 2.2 | X5: =IF(OR(R5="",L5=""),"",R5-L5) -> 1.9 | Y5: =IF(OR(S5="",M5=""),"",S5-M5) -> 2.01 | Z5: =IF(OR(T5="",N5=""),"",T5-N5) -> -2.14 | AA5: =IF(OR(U5="",O5=""),"",U5-O5) -> 2.1 | AB5: =IF(OR(V5="",P5=""),"",V5-P5) -> -1.89
A6: R-4AIAO5 | B6: 2026-07-15 | C6: Y | D6: 1 | E6: 5 | F6: 4 | G6: 5 | H6: 5 | I6: 5 | J6: 3 | K6: =IF(E6="","",E6-3) -> 2 | L6: =IF(F6="","",F6-3) -> 1 | M6: =IF(G6="","",G6-3) -> 2 | N6: =IF(H6="","",H6-3) -> 2 | O6: =IF(I6="","",I6-3) -> 2 | P6: =IF(J6="","",J6-3) -> 0 | Q6: -0.03 | R6: 0.06 | S6: 0.07 | T6: 0.06 | U6: 0.01 | V6: -0.01 | W6: =IF(OR(Q6="",K6=""),"",Q6-K6) -> -2.03 | X6: =IF(OR(R6="",L6=""),"",R6-L6) -> -0.94 | Y6: =IF(OR(S6="",M6=""),"",S6-M6) -> -1.93 | Z6: =IF(OR(T6="",N6=""),"",T6-N6) -> -1.94 | AA6: =IF(OR(U6="",O6=""),"",U6-O6) -> -1.99 | AB6: =IF(OR(V6="",P6=""),"",V6-P6) -> -0.01
A7: R-PXH5JW | B7: 2026-07-15 | C7: Y | D7: 1 | E7: 5 | F7: 3 | G7: 5 | H7: 3 | I7: 3 | J7: 3 | K7: =IF(E7="","",E7-3) -> 2 | L7: =IF(F7="","",F7-3) -> 0 | M7: =IF(G7="","",G7-3) -> 2 | N7: =IF(H7="","",H7-3) -> 0 | O7: =IF(I7="","",I7-3) -> 0 | P7: =IF(J7="","",J7-3) -> 0 | Q7: 0.04 | R7: -0.01 | S7: -0.15 | T7: 0.01 | U7: 0.11 | V7: 0.28 | W7: =IF(OR(Q7="",K7=""),"",Q7-K7) -> -1.96 | X7: =IF(OR(R7="",L7=""),"",R7-L7) -> -0.01 | Y7: =IF(OR(S7="",M7=""),"",S7-M7) -> -2.15 | Z7: =IF(OR(T7="",N7=""),"",T7-N7) -> 0.01 | AA7: =IF(OR(U7="",O7=""),"",U7-O7) -> 0.11 | AB7: =IF(OR(V7="",P7=""),"",V7-P7) -> 0.28
A8: R-0LU91I | B8: 2026-07-16 | C8: Y | D8: 1 | E8: 5 | F8: 2 | G8: 5 | H8: 2 | I8: 3 | J8: 2 | K8: =IF(E8="","",E8-3) -> 2 | L8: =IF(F8="","",F8-3) -> -1 | M8: =IF(G8="","",G8-3) -> 2 | N8: =IF(H8="","",H8-3) -> -1 | O8: =IF(I8="","",I8-3) -> 0 | P8: =IF(J8="","",J8-3) -> -1 | Q8: -0.17 | R8: 0.19 | S8: 0.38 | T8: 0.16 | U8: -0.3 | V8: -0.29 | W8: =IF(OR(Q8="",K8=""),"",Q8-K8) -> -2.17 | X8: =IF(OR(R8="",L8=""),"",R8-L8) -> 1.19 | Y8: =IF(OR(S8="",M8=""),"",S8-M8) -> -1.62 | Z8: =IF(OR(T8="",N8=""),"",T8-N8) -> 1.16 | AA8: =IF(OR(U8="",O8=""),"",U8-O8) -> -0.3 | AB8: =IF(OR(V8="",P8=""),"",V8-P8) -> 0.71
K9: =IF(E9="","",E9-3) | L9: =IF(F9="","",F9-3) | M9: =IF(G9="","",G9-3) | N9: =IF(H9="","",H9-3) | O9: =IF(I9="","",I9-3) | P9: =IF(J9="","",J9-3) | W9: =IF(OR(Q9="",K9=""),"",Q9-K9) | X9: =IF(OR(R9="",L9=""),"",R9-L9) | Y9: =IF(OR(S9="",M9=""),"",S9-M9) | Z9: =IF(OR(T9="",N9=""),"",T9-N9) | AA9: =IF(OR(U9="",O9=""),"",U9-O9) | AB9: =IF(OR(V9="",P9=""),"",V9-P9)
K10: =IF(E10="","",E10-3) | L10: =IF(F10="","",F10-3) | M10: =IF(G10="","",G10-3) | N10: =IF(H10="","",H10-3) | O10: =IF(I10="","",I10-3) | P10: =IF(J10="","",J10-3) | W10: =IF(OR(Q10="",K10=""),"",Q10-K10) | X10: =IF(OR(R10="",L10=""),"",R10-L10) | Y10: =IF(OR(S10="",M10=""),"",S10-M10) | Z10: =IF(OR(T10="",N10=""),"",T10-N10) | AA10: =IF(OR(U10="",O10=""),"",U10-O10) | AB10: =IF(OR(V10="",P10=""),"",V10-P10)
K11: =IF(E11="","",E11-3) | L11: =IF(F11="","",F11-3) | M11: =IF(G11="","",G11-3) | N11: =IF(H11="","",H11-3) | O11: =IF(I11="","",I11-3) | P11: =IF(J11="","",J11-3) | W11: =IF(OR(Q11="",K11=""),"",Q11-K11) | X11: =IF(OR(R11="",L11=""),"",R11-L11) | Y11: =IF(OR(S11="",M11=""),"",S11-M11) | Z11: =IF(OR(T11="",N11=""),"",T11-N11) | AA11: =IF(OR(U11="",O11=""),"",U11-O11) | AB11: =IF(OR(V11="",P11=""),"",V11-P11)
K12: =IF(E12="","",E12-3) | L12: =IF(F12="","",F12-3) | M12: =IF(G12="","",G12-3) | N12: =IF(H12="","",H12-3) | O12: =IF(I12="","",I12-3) | P12: =IF(J12="","",J12-3) | W12: =IF(OR(Q12="",K12=""),"",Q12-K12) | X12: =IF(OR(R12="",L12=""),"",R12-L12) | Y12: =IF(OR(S12="",M12=""),"",S12-M12) | Z12: =IF(OR(T12="",N12=""),"",T12-N12) | AA12: =IF(OR(U12="",O12=""),"",U12-O12) | AB12: =IF(OR(V12="",P12=""),"",V12-P12)
K13: =IF(E13="","",E13-3) | L13: =IF(F13="","",F13-3) | M13: =IF(G13="","",G13-3) | N13: =IF(H13="","",H13-3) | O13: =IF(I13="","",I13-3) | P13: =IF(J13="","",J13-3) | W13: =IF(OR(Q13="",K13=""),"",Q13-K13) | X13: =IF(OR(R13="",L13=""),"",R13-L13) | Y13: =IF(OR(S13="",M13=""),"",S13-M13) | Z13: =IF(OR(T13="",N13=""),"",T13-N13) | AA13: =IF(OR(U13="",O13=""),"",U13-O13) | AB13: =IF(OR(V13="",P13=""),"",V13-P13)
K14: =IF(E14="","",E14-3) | L14: =IF(F14="","",F14-3) | M14: =IF(G14="","",G14-3) | N14: =IF(H14="","",H14-3) | O14: =IF(I14="","",I14-3) | P14: =IF(J14="","",J14-3) | W14: =IF(OR(Q14="",K14=""),"",Q14-K14) | X14: =IF(OR(R14="",L14=""),"",R14-L14) | Y14: =IF(OR(S14="",M14=""),"",S14-M14) | Z14: =IF(OR(T14="",N14=""),"",T14-N14) | AA14: =IF(OR(U14="",O14=""),"",U14-O14) | AB14: =IF(OR(V14="",P14=""),"",V14-P14)
K15: =IF(E15="","",E15-3) | L15: =IF(F15="","",F15-3) | M15: =IF(G15="","",G15-3) | N15: =IF(H15="","",H15-3) | O15: =IF(I15="","",I15-3) | P15: =IF(J15="","",J15-3) | W15: =IF(OR(Q15="",K15=""),"",Q15-K15) | X15: =IF(OR(R15="",L15=""),"",R15-L15) | Y15: =IF(OR(S15="",M15=""),"",S15-M15) | Z15: =IF(OR(T15="",N15=""),"",T15-N15) | AA15: =IF(OR(U15="",O15=""),"",U15-O15) | AB15: =IF(OR(V15="",P15=""),"",V15-P15)
K16: =IF(E16="","",E16-3) | L16: =IF(F16="","",F16-3) | M16: =IF(G16="","",G16-3) | N16: =IF(H16="","",H16-3) | O16: =IF(I16="","",I16-3) | P16: =IF(J16="","",J16-3) | W16: =IF(OR(Q16="",K16=""),"",Q16-K16) | X16: =IF(OR(R16="",L16=""),"",R16-L16) | Y16: =IF(OR(S16="",M16=""),"",S16-M16) | Z16: =IF(OR(T16="",N16=""),"",T16-N16) | AA16: =IF(OR(U16="",O16=""),"",U16-O16) | AB16: =IF(OR(V16="",P16=""),"",V16-P16)
K17: =IF(E17="","",E17-3) | L17: =IF(F17="","",F17-3) | M17: =IF(G17="","",G17-3) | N17: =IF(H17="","",H17-3) | O17: =IF(I17="","",I17-3) | P17: =IF(J17="","",J17-3) | W17: =IF(OR(Q17="",K17=""),"",Q17-K17) | X17: =IF(OR(R17="",L17=""),"",R17-L17) | Y17: =IF(OR(S17="",M17=""),"",S17-M17) | Z17: =IF(OR(T17="",N17=""),"",T17-N17) | AA17: =IF(OR(U17="",O17=""),"",U17-O17) | AB17: =IF(OR(V17="",P17=""),"",V17-P17)
K18: =IF(E18="","",E18-3) | L18: =IF(F18="","",F18-3) | M18: =IF(G18="","",G18-3) | N18: =IF(H18="","",H18-3) | O18: =IF(I18="","",I18-3) | P18: =IF(J18="","",J18-3) | W18: =IF(OR(Q18="",K18=""),"",Q18-K18) | X18: =IF(OR(R18="",L18=""),"",R18-L18) | Y18: =IF(OR(S18="",M18=""),"",S18-M18) | Z18: =IF(OR(T18="",N18=""),"",T18-N18) | AA18: =IF(OR(U18="",O18=""),"",U18-O18) | AB18: =IF(OR(V18="",P18=""),"",V18-P18)
K19: =IF(E19="","",E19-3) | L19: =IF(F19="","",F19-3) | M19: =IF(G19="","",G19-3) | N19: =IF(H19="","",H19-3) | O19: =IF(I19="","",I19-3) | P19: =IF(J19="","",J19-3) | W19: =IF(OR(Q19="",K19=""),"",Q19-K19) | X19: =IF(OR(R19="",L19=""),"",R19-L19) | Y19: =IF(OR(S19="",M19=""),"",S19-M19) | Z19: =IF(OR(T19="",N19=""),"",T19-N19) | AA19: =IF(OR(U19="",O19=""),"",U19-O19) | AB19: =IF(OR(V19="",P19=""),"",V19-P19)
K20: =IF(E20="","",E20-3) | L20: =IF(F20="","",F20-3) | M20: =IF(G20="","",G20-3) | N20: =IF(H20="","",H20-3) | O20: =IF(I20="","",I20-3) | P20: =IF(J20="","",J20-3) | W20: =IF(OR(Q20="",K20=""),"",Q20-K20) | X20: =IF(OR(R20="",L20=""),"",R20-L20) | Y20: =IF(OR(S20="",M20=""),"",S20-M20) | Z20: =IF(OR(T20="",N20=""),"",T20-N20) | AA20: =IF(OR(U20="",O20=""),"",U20-O20) | AB20: =IF(OR(V20="",P20=""),"",V20-P20)
... K22: =IF(E22="","",E22-3) | L22: =IF(F22="","",F22-3) | M22: =IF(G22="","",G22-3) | N22: =IF(H22="","",H22-3) | O22: =IF(I22="","",I22-3) | P22: =IF(J22="","",J22-3) | W22: =IF(OR(Q22="",K22=""),"",Q22-K22) | X22: =IF(OR(R22="",L22=""),"",R22-L22) | Y22: =IF(OR(S22="",M22=""),"",S22-M22) | Z22: =IF(OR(T22="",N22=""),"",T22-N22) | AA22: =IF(OR(U22="",O22=""),"",U22-O22) | AB22: =IF(OR(V22="",P22=""),"",V22-P22)

Sheet Aggregate Summary
A1: Aggregate Summary — auto-computed from Respondent Log
A2: Updates automatically as rows are added to Respondent Log (rows 4-22, example row excluded).
A4: Respondents logged (consented, excl. example) | B4: =COUNTIFS('Respondent Log'!A3:A22,"<>",'Respondent Log'!C3:C22,"Y") -> 6
A6: Dimension | B6: Avg Gap (signed) | C6: Mean |Gap| | D6: Max |Gap| | E6: Opposite-direction count | F6: N (answered) | G6: Flag
A7: RT — Risk Tolerance | B7: =IFERROR(AVERAGE('Respondent Log'!W3:W22),"") -> -0.35 | C7: =IFERROR(SUMPRODUCT(ABS(N('Respondent Log'!W3:W22)))/COUNT('Respondent Log'!W3:W22),"") -> 1.736667 | D7: =IFERROR(MAX(ABS(MIN('Respondent Log'!W3:W22)),ABS(MAX('Respondent Log'!W3:W22))),"") -> 2.2 | E7: =SUMPRODUCT(('Respondent Log'!W3:W22<>"")*(SIGN(N('Respondent Log'!K3:K22))<>SIGN(N('Respondent Log'!Q3:Q22)))*(N('Respondent Log'!K3:K22)<>0)) -> 3 | F7: =COUNT('Respondent Log'!W3:W22) -> 6 | G7: =IF(F7=0,"",IF(OR(C7>0.5,E7/MAX(F7,1)>0.4),"REVIEW","ok")) -> REVIEW
A8: SC — Social Conformity | B8: =IFERROR(AVERAGE('Respondent Log'!X3:X22),"") -> 0.225 | C8: =IFERROR(SUMPRODUCT(ABS(N('Respondent Log'!X3:X22)))/COUNT('Respondent Log'!X3:X22),"") -> 0.828333 | D8: =IFERROR(MAX(ABS(MIN('Respondent Log'!X3:X22)),ABS(MAX('Respondent Log'!X3:X22))),"") -> 1.9 | E8: =SUMPRODUCT(('Respondent Log'!X3:X22<>"")*(SIGN(N('Respondent Log'!L3:L22))<>SIGN(N('Respondent Log'!R3:R22)))*(N('Respondent Log'!L3:L22)<>0)) -> 1 | F8: =COUNT('Respondent Log'!X3:X22) -> 6 | G8: =IF(F8=0,"",IF(OR(C8>0.5,E8/MAX(F8,1)>0.4),"REVIEW","ok")) -> REVIEW
A9: ER — Emotional Reactivity | B9: =IFERROR(AVERAGE('Respondent Log'!Y3:Y22),"") -> -0.688333 | C9: =IFERROR(SUMPRODUCT(ABS(N('Respondent Log'!Y3:Y22)))/COUNT('Respondent Log'!Y3:Y22),"") -> 1.428333 | D9: =IFERROR(MAX(ABS(MIN('Respondent Log'!Y3:Y22)),ABS(MAX('Respondent Log'!Y3:Y22))),"") -> 2.15 | E9: =SUMPRODUCT(('Respondent Log'!Y3:Y22<>"")*(SIGN(N('Respondent Log'!M3:M22))<>SIGN(N('Respondent Log'!S3:S22)))*(N('Respondent Log'!M3:M22)<>0)) -> 2 | F9: =COUNT('Respondent Log'!Y3:Y22) -> 6 | G9: =IF(F9=0,"",IF(OR(C9>0.5,E9/MAX(F9,1)>0.4),"REVIEW","ok")) -> REVIEW
A10: AR — Authority Deference | B10: =IFERROR(AVERAGE('Respondent Log'!Z3:Z22),"") -> -0.628333 | C10: =IFERROR(SUMPRODUCT(ABS(N('Respondent Log'!Z3:Z22)))/COUNT('Respondent Log'!Z3:Z22),"") -> 1.031667 | D10: =IFERROR(MAX(ABS(MIN('Respondent Log'!Z3:Z22)),ABS(MAX('Respondent Log'!Z3:Z22))),"") -> 2.14 | E10: =SUMPRODUCT(('Respondent Log'!Z3:Z22<>"")*(SIGN(N('Respondent Log'!N3:N22))<>SIGN(N('Respondent Log'!T3:T22)))*(N('Respondent Log'!N3:N22)<>0)) -> 2 | F10: =COUNT('Respondent Log'!Z3:Z22) -> 6 | G10: =IF(F10=0,"",IF(OR(C10>0.5,E10/MAX(F10,1)>0.4),"REVIEW","ok")) -> REVIEW
A11: DS — Independent Decision-Making | B11: =IFERROR(AVERAGE('Respondent Log'!AA3:AA22),"") -> -0.228333 | C11: =IFERROR(SUMPRODUCT(ABS(N('Respondent Log'!AA3:AA22)))/COUNT('Respondent Log'!AA3:AA22),"") -> 0.965 | D11: =IFERROR(MAX(ABS(MIN('Respondent Log'!AA3:AA22)),ABS(MAX('Respondent Log'!AA3:AA22))),"") -> 2.1 | E11: =SUMPRODUCT(('Respondent Log'!AA3:AA22<>"")*(SIGN(N('Respondent Log'!O3:O22))<>SIGN(N('Respondent Log'!U3:U22)))*(N('Respondent Log'!O3:O22)<>0)) -> 2 | F11: =COUNT('Respondent Log'!AA3:AA22) -> 6 | G11: =IF(F11=0,"",IF(OR(C11>0.5,E11/MAX(F11,1)>0.4),"REVIEW","ok")) -> REVIEW
A12: SR — Stress Resilience | B12: =IFERROR(AVERAGE('Respondent Log'!AB3:AB22),"") -> -0.063333 | C12: =IFERROR(SUMPRODUCT(ABS(N('Respondent Log'!AB3:AB22)))/COUNT('Respondent Log'!AB3:AB22),"") -> 0.67 | D12: =IFERROR(MAX(ABS(MIN('Respondent Log'!AB3:AB22)),ABS(MAX('Respondent Log'!AB3:AB22))),"") -> 1.89 | E12: =SUMPRODUCT(('Respondent Log'!AB3:AB22<>"")*(SIGN(N('Respondent Log'!P3:P22))<>SIGN(N('Respondent Log'!V3:V22)))*(N('Respondent Log'!P3:P22)<>0)) -> 0 | F12: =COUNT('Respondent Log'!AB3:AB22) -> 6 | G12: =IF(F12=0,"",IF(OR(C12>0.5,E12/MAX(F12,1)>0.4),"REVIEW","ok")) -> REVIEW
A14: Read Mean |Gap| and Opposite-direction count, not just Avg Gap (signed) -- a dimension can show a small, reassuring signed average while every single respondent is actually far off in different directions that cancel out in the mean. Mean |Gap| shows the typical size of the miss regardless of direction; Opposite-direction count shows how often the engine's sign disagreed with the person's own sense of themselves entirely (excluding neutral self-ratings, which have no direction to violate).
A15: A REVIEW flag fires if Mean |Gap| exceeds 0.5, OR more than 40% of respondents landed on the opposite side of neutral from their own rating -- whichever finds the problem first. This is descriptive, not a statistical significance test, and especially not reliable below ~10 respondents; treat it as a prompt to look closer, not a verdict.
